Date,Open,High,Low,Close,Adj Close,Volume
2023-02-24,23943.0,24133.0,22812.5,23176.5,23176.5,533120000
2023-02-25,23176.5,23200.0,22755.0,23154.5,23154.5,254887900
2023-02-26,23154.5,23687.5,23052.0,23548.5,23548.5,312601100
2023-02-27,23548.5,23892.5,23108.0,23479.5,23479.5,398517000
2023-02-28,23479.5,23596.0,23012.0,23130.5,23130.5,294114100
2023-03-01,23130.5,24014.5,23017.0,23630.0,23630.0,419496300
2023-03-02,23630.0,23790.0,23187.0,23453.5,23453.5,309853900
2023-03-03,23453.5,23463.0,21818.0,22351.0,22351.0,511627100
2023-03-04,22351.0,22400.0,22150.0,22338.0,22338.0,156580400
2023-03-05,22338.0,22661.5,22180.5,22419.0,22419.0,284998300
2023-03-06,22419.0,22598.0,22248.0,22396.0,22396.0,292144100
2023-03-07,22396.0,22555.5,21900.0,22187.5,22187.5,429357100
2023-03-08,22187.5,22270.0,21560.5,21683.5,21683.5,414360200
2023-03-09,21683.5,21818.0,20022.5,20347.5,20347.5,641078900
2023-03-10,20347.5,20345.5,19550.0,20186.5,20186.5,623575400
2023-03-11,20186.5,20851.5,19847.0,20606.0,20606.0,481679000
2023-03-12,20606.0,22322.0,20443.5,22179.5,22179.5,615807400
2023-03-13,22179.5,24600.0,21872.0,24194.0,24194.0,965438900
2023-03-14,24194.0,26675.0,23977.5,24733.5,24733.5,1065850300
2023-03-15,24733.5,25299.5,23874.0,24344.5,24344.5,708304900
2023-03-16,24344.5,25238.5,24182.0,25031.5,25031.5,481943600
2023-03-17,25031.5,27823.0,24928.0,27437.0,27437.0,784315500
2023-03-18,27437.0,27774.5,26625.0,26966.0,26966.0,467596200
2023-03-19,26966.0,28450.0,26878.0,28015.5,28015.5,502904300
2023-03-20,28015.5,28557.0,27183.0,27790.5,27790.5,722484600
2023-03-21,27790.5,28517.5,27367.0,28161.5,28161.5,500841600
2023-03-22,28161.5,28938.0,26573.0,27290.5,27290.5,807153800
2023-03-23,27290.5,28878.5,25600.0,28330.0,28330.0,723157100
2023-03-24,28330.0,28413.5,26961.0,27477.5,27477.5,641122900
2023-03-25,27477.5,27888.0,27158.0,27477.0,27477.0,381711500
2023-03-26,27477.0,28244.0,27433.5,27980.0,27980.0,331883700
2023-03-27,27980.0,28029.0,26480.0,27134.5,27134.5,503679500
2023-03-28,27134.5,27514.0,26602.0,27252.0,27252.0,490211400
2023-03-29,27252.0,28659.5,27236.5,28351.5,28351.5,548913100
2023-03-30,28351.5,29197.0,27678.5,28017.0,28017.0,548321500
2023-03-31,28017.0,28656.5,27479.0,28462.5,28462.5,508267900
2023-04-01,28462.5,28823.5,28210.5,28450.0,28450.0,218615100
2023-04-02,28450.0,28537.0,27839.5,28160.0,28160.0,287627500
2023-04-03,28160.0,28534.0,27198.5,27795.0,27795.0,632489600
2023-04-04,27795.0,28465.5,27652.5,28155.0,28155.0,410682600
2023-04-05,28155.0,28789.0,27780.0,28162.0,28162.0,449348900
2023-04-06,28162.0,28183.5,27678.0,28022.0,28022.0,327514800
2023-04-07,28022.0,28100.0,27772.0,27899.0,27899.0,217543700
2023-04-08,27899.0,28170.5,27864.0,27937.5,27937.5,156139500
2023-04-09,27937.5,28538.5,27717.5,28325.5,28325.5,261785700
2023-04-10,28325.5,29856.0,28165.0,29659.0,29659.0,501955100
2023-04-11,29659.0,30580.0,29622.0,30223.0,30223.0,443289000
2023-04-12,30223.0,30497.5,29659.0,29902.5,29902.5,454636700
2023-04-13,29902.5,30637.0,29867.5,30387.0,30387.0,336904700
2023-04-14,30387.0,31059.0,29988.0,30465.0,30465.0,480902000
2023-04-15,30465.0,30599.5,30230.0,30299.5,30299.5,201858800
2023-04-16,30299.5,30584.0,30125.0,30324.5,30324.5,234297900
2023-04-17,30324.5,30334.0,29229.0,29424.5,29424.5,466949100
2023-04-18,29424.5,30489.5,29100.0,30375.5,30375.5,462557700
2023-04-19,30375.5,30408.0,28518.5,28784.0,28784.0,650214600
2023-04-20,28784.0,29090.0,27962.5,28230.0,28230.0,502996300
2023-04-21,28230.0,28353.0,27100.0,27261.0,27261.0,534526600
2023-04-22,27261.0,27874.0,27137.5,27805.0,27805.0,295027200
2023-04-23,27805.0,27808.0,27299.0,27577.0,27577.0,325014300
2023-04-24,27577.0,27996.0,26900.5,27488.5,27488.5,520053400
2023-04-25,27488.5,28392.0,27190.5,28283.5,28283.5,419102600
2023-04-26,28283.5,30041.0,27182.5,28407.5,28407.5,1044757600
2023-04-27,28407.5,29901.5,28374.0,29463.5,29463.5,640016300
2023-04-28,29463.5,29582.5,28895.0,29311.5,29311.5,401166400
2023-04-29,29311.5,29453.0,29036.5,29230.5,29230.5,177500800
2023-04-30,29230.5,29978.0,29105.0,29242.0,29242.0,422248900
2023-05-01,29242.0,29333.0,27610.0,28063.5,28063.5,664932900
2023-05-02,28063.5,28921.5,27866.5,28679.0,28679.0,509040100
2023-05-03,28679.0,29278.5,28090.0,29044.5,29044.5,717253600
2023-05-04,29044.5,29400.0,28670.5,28844.0,28844.0,494628200
2023-05-05,28844.0,29710.0,28701.5,29524.5,29524.5,531717200
2023-05-06,29524.5,29869.0,28363.5,28906.5,28906.5,461751000
2023-05-07,28906.5,29210.0,28465.5,28497.0,28497.0,413980400
2023-05-08,28497.0,28690.0,27325.0,27756.5,27756.5,811958500
2023-05-09,27756.5,27889.5,27387.0,27627.0,27627.0,511973600
2023-05-10,27627.0,28322.0,26741.0,27597.5,27597.5,802247300
2023-05-11,27597.5,27627.5,26695.5,26969.0,26969.0,526924800
2023-05-12,26969.0,27089.5,25800.0,26782.0,26782.0,615742400
2023-05-13,26782.0,27044.5,26680.5,26768.0,26768.0,240408200
2023-05-14,26768.0,27222.0,26550.0,26921.0,26921.0,321416200
2023-05-15,26921.0,27675.0,26688.0,27154.0,27154.0,485350400
2023-05-16,27154.0,27295.0,26823.5,27018.0,27018.0,416534900
2023-05-17,27018.0,27505.5,26518.0,27397.5,27397.5,516747500
2023-05-18,27397.5,27472.5,26328.0,26810.0,26810.0,470895000
2023-05-19,26810.0,27197.5,26602.0,26879.0,26879.0,296415400
2023-05-20,26879.0,27156.0,26820.0,27094.0,27094.0,140444500
2023-05-21,27094.0,27270.0,26619.0,26745.0,26745.0,296187000
2023-05-22,26745.0,27138.5,26500.5,26848.0,26848.0,402071900
2023-05-23,26848.0,27498.0,26790.0,27207.5,27207.5,431843100
2023-05-24,27207.5,27209.5,26080.0,26320.0,26320.0,516863600
2023-05-25,26320.0,26632.0,25859.0,26461.0,26461.0,449140600
2023-05-26,26461.0,26947.5,26324.5,26706.5,26706.5,335626300
2023-05-27,26706.5,26900.0,26538.0,26859.5,26859.5,169574600
2023-05-28,26859.5,28293.0,26767.5,28071.5,28071.5,387561200
2023-05-29,28071.5,28444.0,27531.0,27733.0,27733.0,336147100
2023-05-30,27733.0,28038.0,27543.5,27704.0,27704.0,310039900
2023-05-31,27704.0,27836.0,26795.0,27204.0,27204.0,385748700
2023-06-01,27204.0,27348.5,26586.0,26812.5,26812.5,352116600
2023-06-02,26812.5,27292.0,26468.5,27235.0,27235.0,340297700
2023-06-03,27235.0,27319.0,26910.0,27061.0,27061.0,200928200
2023-06-04,27061.0,27471.0,26954.5,27104.0,27104.0,202927000
2023-06-05,27104.0,27116.5,25390.0,25720.0,25720.0,668727200
2023-06-06,25720.0,27360.0,25344.5,27229.0,27229.0,541623900
2023-06-07,27229.0,27395.5,26113.5,26336.5,26336.5,414123300
2023-06-08,26336.5,26810.0,26205.0,26500.0,26500.0,215039000
2023-06-09,26500.0,26772.5,26268.0,26463.5,26463.5,220143900
2023-06-10,26463.5,26521.5,25359.0,25837.5,25837.5,483662900
2023-06-11,25837.5,26215.0,25629.0,25926.0,25926.0,227546700
2023-06-12,25926.0,26094.0,25603.5,25901.0,25901.0,316937200
2023-06-13,25901.0,26440.0,25710.0,25922.5,25922.5,426398900
2023-06-14,25922.5,26079.0,24781.0,25108.5,25108.5,478174500
2023-06-15,25108.5,25740.0,24754.5,25575.5,25575.5,442619600
2023-06-16,25575.5,26498.0,25149.0,26335.0,26335.0,465576000
2023-06-17,26335.0,26867.0,26162.5,26497.5,26497.5,277788000
2023-06-18,26497.5,26680.0,26250.0,26331.5,26331.5,269602500
2023-06-19,26331.5,27059.0,26243.0,26820.5,26820.5,442645900
2023-06-20,26820.5,28400.5,26624.0,28310.5,28310.5,749177700
2023-06-21,28310.5,30824.5,28272.0,30004.0,30004.0,1070268900
2023-06-22,30004.0,30505.5,29511.5,29886.0,29886.0,526285500
2023-06-23,29886.0,31438.5,29808.5,30698.0,30698.0,718381000
2023-06-24,30698.0,30797.5,30239.0,30535.5,30535.5,232426700
2023-06-25,30535.5,31045.0,30283.0,30470.5,30470.5,284531900
2023-06-26,30470.5,30667.0,29905.0,30250.5,30250.5,435696500
2023-06-27,30250.5,31012.5,30205.5,30684.5,30684.5,532372600
2023-06-28,30684.5,30702.5,29817.0,30058.0,30058.0,544614900
2023-06-29,30058.0,30833.5,30023.0,30435.0,30435.0,452544400
2023-06-30,30435.0,31287.5,29439.5,30464.5,30464.5,938739000
2023-07-01,30464.5,30670.0,30310.5,30587.0,30587.0,170237500
2023-07-02,30587.0,30799.0,30151.0,30607.0,30607.0,306302000
2023-07-03,30607.0,31403.5,30553.5,31154.5,31154.5,531893100
2023-07-04,31154.5,31325.0,30606.5,30751.5,30751.5,378149800
2023-07-05,30751.5,30867.5,30182.0,30485.5,30485.5,321788500
2023-07-06,30485.5,31546.0,29830.5,29888.0,29888.0,829671700
2023-07-07,29888.0,30442.0,29677.5,30344.5,30344.5,428789000
2023-07-08,30344.5,30384.5,30014.0,30274.5,30274.5,180993100
2023-07-09,30274.5,30439.5,30055.0,30162.0,30162.0,226106000
2023-07-10,30162.0,31056.5,29907.0,30415.5,30415.5,595663700
2023-07-11,30415.5,30818.5,30296.5,30615.5,30615.5,371627100
2023-07-12,30615.5,30964.0,30194.0,30371.5,30371.5,412508900
2023-07-13,30371.5,31874.0,30238.0,31470.0,31470.0,855636100
2023-07-14,31470.0,31642.0,29848.5,30299.0,30299.0,640576900
2023-07-15,30299.0,30389.0,30231.0,30288.0,30288.0,151145700
2023-07-16,30288.0,30433.0,30048.5,30228.0,30228.0,245631600
2023-07-17,30228.0,30330.5,29638.0,30132.0,30132.0,431493000
2023-07-18,30132.0,30230.5,29458.0,29853.5,29853.5,455183400
2023-07-19,29853.5,30184.5,29698.0,29894.0,29894.0,362160900
2023-07-20,29894.0,30415.0,29535.0,29793.5,29793.5,483463500
2023-07-21,29793.5,30055.5,29710.0,29890.5,29890.5,305237400
2023-07-22,29890.5,30008.0,29587.5,29777.5,29777.5,213383900
2023-07-23,29777.5,30350.0,29719.5,30070.5,30070.5,354466900
2023-07-24,30070.5,30080.0,28796.5,29159.5,29159.5,572543700
2023-07-25,29159.5,29360.0,29027.5,29215.5,29215.5,295716600
2023-07-26,29215.5,29666.5,29081.0,29333.5,29333.5,430078000
2023-07-27,29333.5,29558.0,29065.5,29204.5,29204.5,281772200
2023-07-28,29204.5,29533.5,29110.0,29303.0,29303.0,352024400
2023-07-29,29303.0,29385.0,29246.0,29348.5,29348.5,120325300
2023-07-30,29348.5,29444.0,29010.0,29265.5,29265.5,253779500
2023-07-31,29265.5,29529.0,29090.0,29215.0,29215.0,391246100
2023-08-01,29215.0,29732.5,28555.0,29697.5,29697.5,616070800
2023-08-02,29697.5,30037.0,28899.5,29167.0,29167.0,585097200
2023-08-03,29167.0,29410.0,28950.0,29177.5,29177.5,270812500
2023-08-04,29177.5,29316.5,28764.5,29074.5,29074.5,287275100
2023-08-05,29074.5,29110.0,28954.5,29057.5,29057.5,102370500
2023-08-06,29057.5,29175.0,28970.0,29061.0,29061.0,159867400
2023-08-07,29061.0,29250.0,28660.0,29185.5,29185.5,423761800
2023-08-08,29185.5,30225.0,29113.5,29759.0,29759.0,443260500
2023-08-09,29759.0,30125.0,29350.0,29553.5,29553.5,428561000
2023-08-10,29553.5,29713.5,29292.0,29429.5,29429.5,266922400
2023-08-11,29429.5,29525.5,29216.0,29390.0,29390.0,224057600
2023-08-12,29390.0,29460.5,29349.0,29404.5,29404.5,81679600
2023-08-13,29404.5,29436.0,29250.0,29273.5,29273.5,150648400
2023-08-14,29273.5,29659.0,29063.0,29398.0,29398.0,531764300
2023-08-15,29398.0,29460.5,29030.0,29160.5,29160.5,295837800
2023-08-16,29160.5,29215.5,28680.0,28685.0,28685.0,410835500
2023-08-17,28685.0,28737.0,24184.0,26590.0,26590.0,1213882600
2023-08-18,26590.0,26801.0,25585.0,26033.0,26033.0,617448900
2023-08-19,26033.0,26255.0,25779.0,26087.0,26087.0,199640200
2023-08-20,26087.0,26287.0,25961.5,26178.5,26178.5,171793100
2023-08-21,26178.5,26463.0,25774.0,26119.0,26119.0,371280200
2023-08-22,26119.0,26130.0,25337.5,26031.5,26031.5,463450000
2023-08-23,26031.5,26818.0,25788.0,26414.5,26414.5,568365200
2023-08-24,26414.5,26555.5,25835.5,26151.5,26151.5,347493400
2023-08-25,26151.5,26292.0,25749.5,26037.0,26037.0,266586700
2023-08-26,26037.0,26100.0,25970.5,25998.0,25998.0,62084500
2023-08-27,25998.0,26156.0,25951.0,26080.0,26080.0,89606600
2023-08-28,26080.0,26228.5,25832.0,26091.5,26091.5,238423600
2023-08-29,26091.5,28139.0,25894.0,27712.0,27712.0,634482800
2023-08-30,27712.0,27752.0,26997.5,27290.5,27290.5,301412900
2023-08-31,27290.5,27569.0,25642.0,25918.0,25918.0,500105500
2023-09-01,25918.0,26130.0,25319.5,25791.0,25791.0,406477100
2023-09-02,25791.0,25968.5,25739.5,25858.5,25858.5,95123100
2023-09-03,25858.5,26135.5,25802.0,25970.0,25970.0,185660100
2023-09-04,25970.0,26100.0,25613.0,25795.5,25795.5,250044500
2023-09-05,25795.5,25878.5,25541.5,25770.5,25770.5,213216800
2023-09-06,25770.5,26120.5,25350.0,25738.5,25738.5,382478300
2023-09-07,25738.5,26419.5,25592.0,26238.0,26238.0,334000000
2023-09-08,26238.0,26431.0,25608.5,25889.5,25889.5,382932900
2023-09-09,25889.5,25923.0,25772.0,25885.0,25885.0,98665100
2023-09-10,25885.0,26005.0,25491.0,25824.0,25824.0,218662100
2023-09-11,25824.0,25890.5,24883.0,25148.5,25148.5,569532300
2023-09-12,25148.5,26563.5,25115.0,25824.5,25824.5,684955300
2023-09-13,25824.5,26407.5,25750.0,26214.5,26214.5,296007000
2023-09-14,26214.5,26884.0,26120.0,26519.0,26519.0,421148600
2023-09-15,26519.0,26878.0,26211.0,26590.5,26590.5,326168800
2023-09-16,26590.5,26771.0,26441.0,26552.0,26552.0,151538500
2023-09-17,26552.0,26620.0,26385.5,26523.0,26523.0,155991500
2023-09-18,26523.0,27409.5,26371.0,26759.0,26759.0,547950400
2023-09-19,26759.0,27491.0,26662.5,27190.0,27190.0,421410700
2023-09-20,27190.0,27379.5,26779.0,27109.0,27109.0,349883600
2023-09-21,27109.0,27151.0,26363.5,26556.5,26556.5,289593800
2023-09-22,26556.5,26725.0,26456.5,26572.0,26572.0,194677800
2023-09-23,26572.0,26622.5,26462.5,26573.5,26573.5,112219600
2023-09-24,26573.5,26731.0,26084.0,26233.0,26233.0,232237200
2023-09-25,26233.0,26438.0,25963.5,26284.0,26284.0,360946600
2023-09-26,26284.0,26379.5,26081.0,26199.5,26199.5,161355000
2023-09-27,26199.5,26828.5,26090.0,26340.0,26340.0,321930700
2023-09-28,26340.0,27300.0,26312.5,27010.5,27010.5,323358900
2023-09-29,27010.5,27233.0,26650.0,26901.0,26901.0,306466900
2023-09-30,26901.0,27075.0,26881.0,26961.5,26961.5,89738900
2023-10-01,26961.5,28298.0,26947.5,27980.5,27980.5,315498100
2023-10-02,27980.5,28587.5,27284.0,27491.0,27491.0,658029600
2023-10-03,27491.0,27659.0,27140.0,27416.0,27416.0,241698700
2023-10-04,27416.0,27825.5,27186.5,27767.0,27767.0,298001800
2023-10-05,27767.0,28110.5,27347.0,27400.0,27400.0,319321200
2023-10-06,27400.0,28313.0,26896.5,27937.0,27937.0,449856700
2023-10-07,27937.0,28025.5,27847.0,27957.5,27957.5,124023600
2023-10-08,27957.5,28096.5,27683.0,27920.5,27920.5,222114200
2023-10-09,27920.5,27992.5,27250.0,27585.0,27585.0,365591600
2023-10-10,27585.0,27730.0,27282.5,27375.0,27375.0,225900800
2023-10-11,27375.0,27459.5,26520.5,26860.5,26860.5,367673400
2023-10-12,26860.5,26929.0,26531.5,26742.0,26742.0,268257900
2023-10-13,26742.0,27115.0,26660.0,26848.5,26848.5,217868200
2023-10-14,26848.5,26976.0,26771.5,26844.0,26844.0,67816600
2023-10-15,26844.0,27286.0,26798.5,27140.5,27140.5,168061300
2023-10-16,27140.5,30538.5,27100.5,28497.0,28497.0,722665700
2023-10-17,28497.0,28619.5,28067.0,28403.0,28403.0,278777900
2023-10-18,28403.0,28996.5,28136.5,28316.0,28316.0,213205700
2023-10-19,28316.0,28916.0,28080.5,28715.0,28715.0,202909800
2023-10-20,28715.0,30257.5,28583.5,29668.5,29668.5,409707100
2023-10-21,29668.5,30380.0,29462.0,29908.0,29908.0,191987200
2023-10-22,29908.0,30275.0,29633.5,29983.0,29983.0,196805500
2023-10-23,29983.0,35850.5,29873.5,33122.0,33122.0,918928900
2023-10-24,33122.0,35321.0,32888.5,33939.5,33939.5,949867400
2023-10-25,33939.5,35184.0,33696.5,34527.0,34527.0,540834500
2023-10-26,34527.0,34877.0,33765.0,34159.5,34159.5,359742200
2023-10-27,34159.5,34267.5,33374.0,33923.0,33923.0,325785600
2023-10-28,33923.0,34616.5,33892.0,34109.5,34109.5,252361100
2023-10-29,34109.5,34794.0,33956.0,34545.0,34545.0,218699000
2023-10-30,34545.0,34910.0,34022.0,34505.0,34505.0,308412200
2023-10-31,34505.0,34783.0,34057.5,34682.0,34682.0,261815900
2023-11-01,34682.0,35756.5,33942.5,35472.0,35472.0,496713400
2023-11-02,35472.0,36077.0,34307.0,34963.5,34963.5,413290200
2023-11-03,34963.5,34965.5,33989.0,34723.0,34723.0,603968000
2023-11-04,34723.0,35296.5,34595.5,35097.5,35097.5,149698100
2023-11-05,35097.5,35478.5,34476.5,35057.5,35057.5,311731500
2023-11-06,35057.5,35325.0,34771.5,35068.5,35068.5,203749100
2023-11-07,35068.5,35942.5,34548.0,35435.0,35435.0,365674800
2023-11-08,35435.0,36161.5,35117.0,35649.5,35649.5,320896500
2023-11-09,35649.5,38085.0,35575.5,36721.0,36721.0,798492500
2023-11-10,36721.0,37598.5,36351.0,37341.0,37341.0,382648100
2023-11-11,37341.0,37433.5,36677.0,37169.5,37169.5,207464300
2023-11-12,37169.5,37270.0,36754.5,37109.5,37109.5,152670000
2023-11-13,37109.5,37464.5,36350.5,36473.0,36473.0,326739600
2023-11-14,36473.0,36782.5,34626.5,35565.5,35565.5,526304300
2023-11-15,35565.5,38001.5,35382.0,37906.5,37906.5,523056800
2023-11-16,37906.5,37974.5,35500.0,36164.5,36164.5,505790800
2023-11-17,36164.5,36887.0,35858.5,36615.5,36615.5,371157200
2023-11-18,36615.5,36853.0,36208.0,36581.5,36581.5,177153600
2023-11-19,36581.5,37541.5,36399.0,37390.5,37390.5,185030400
2023-11-20,37390.5,37780.0,36706.0,37471.5,37471.5,388351800
2023-11-21,37471.5,37677.5,35685.5,35707.5,35707.5,598361800
2023-11-22,35707.5,37878.0,35515.5,37420.0,37420.0,357188200
2023-11-23,37420.0,37650.5,36842.5,37273.0,37273.0,212263200
2023-11-24,37273.0,38439.5,37246.5,37735.5,37735.5,502836100
2023-11-25,37735.5,37893.0,37580.0,37795.0,37795.0,147631900
2023-11-26,37795.0,37808.0,37128.0,37443.0,37443.0,263878400
2023-11-27,37443.0,37569.0,36650.0,37238.0,37238.0,366801500
2023-11-28,37238.0,38400.0,36863.5,37817.0,37817.0,367848100
2023-11-29,37817.0,38486.0,37552.0,37854.5,37854.5,315939100
2023-11-30,37854.5,38132.0,37452.0,37707.0,37707.0,265998900
2023-12-01,37707.0,39044.5,37610.0,38724.0,38724.0,778779600
2023-12-02,38724.0,39887.0,38680.5,39505.0,39505.0,303211100
2023-12-03,39505.0,40400.0,39305.0,40024.0,40024.0,251914500
2023-12-04,40024.0,42479.0,40022.5,42010.0,42010.0,732079000
2023-12-05,42010.0,44539.5,41423.5,44116.0,44116.0,604297700
2023-12-06,44116.0,44309.0,43330.5,43749.5,43749.5,782134900
2023-12-07,43749.5,44038.0,42777.5,43286.5,43286.5,430014800
2023-12-08,43286.5,44745.5,43051.5,44168.5,44168.5,379100800
2023-12-09,44168.5,44358.5,43570.0,43736.5,43736.5,281836200
2023-12-10,43736.5,44074.5,43544.0,43809.5,43809.5,189510100
2023-12-11,43809.5,43824.5,40178.5,41236.5,41236.5,1029243700
2023-12-12,41236.5,42100.0,40650.0,41476.5,41476.5,571036600
2023-12-13,41476.5,43525.0,40555.0,42875.0,42875.0,545322100
2023-12-14,42875.0,43434.0,41301.0,43037.0,43037.0,481018400
2023-12-15,43037.0,43103.5,41660.0,41961.0,41961.0,320030900
2023-12-16,41961.0,42751.5,41600.0,42277.5,42277.5,198336000
2023-12-17,42277.5,42425.5,41164.5,41350.0,41350.0,441670200
2023-12-18,41350.0,42765.0,40513.0,42645.5,42645.5,524799600
2023-12-19,42645.5,43485.5,41807.5,42273.0,42273.0,353836500
2023-12-20,42273.0,44331.5,42194.0,43699.5,43699.5,495978000
2023-12-21,43699.5,44282.0,43322.5,43900.5,43900.5,380397100
2023-12-22,43900.5,44484.5,43429.5,44007.0,44007.0,288881100
2023-12-23,44007.0,44033.0,43315.0,43735.5,43735.5,172172600
2023-12-24,43735.5,43987.5,42539.5,43032.0,43032.0,254668300
2023-12-25,43032.0,43849.0,42754.0,43628.5,43628.5,264077800
2023-12-26,43628.5,43640.5,41640.0,42533.0,42533.0,466708600
2023-12-27,42533.0,43728.0,42130.0,43475.0,43475.0,357844100
2023-12-28,43475.0,43893.5,42307.5,42610.0,42610.0,335883400
2023-12-29,42610.0,43177.5,41284.0,42080.0,42080.0,431491600
2023-12-30,42080.0,42639.5,41552.5,42187.0,42187.0,245127800
2023-12-31,42187.0,42905.0,41983.5,42312.0,42312.0,197525500
2024-01-01,42312.0,44275.0,42213.0,44257.5,44257.5,291996800
2024-01-02,44257.5,45965.5,44227.0,44974.0,44974.0,753687200
2024-01-03,44974.0,45545.0,40200.0,42853.0,42853.0,970282800
2024-01-04,42853.0,44824.0,42635.5,44164.5,44164.5,504945800
2024-01-05,44164.5,44429.5,42333.5,44167.5,44167.5,650428400
2024-01-06,44167.5,44226.0,43420.0,43972.0,43972.0,200073800
2024-01-07,43972.0,44468.5,43572.0,43926.5,43926.5,255682800
2024-01-08,43926.5,47342.0,43164.0,46986.5,46986.5,838402400
2024-01-09,46986.5,47999.0,44564.0,46106.0,46106.0,831909200
2024-01-10,46106.0,47696.5,44285.0,46647.0,46647.0,1153736600
2024-01-11,46647.0,49049.5,45570.0,46325.5,46325.5,991944200
2024-01-12,46325.5,46507.5,41315.5,42712.0,42712.0,688168600
2024-01-13,42712.0,43245.0,42363.5,42824.5,42824.5,261613100
2024-01-14,42824.5,43045.5,41656.5,41690.5,41690.5,277431400
2024-01-15,41690.5,43342.0,41667.5,42467.5,42467.5,298009300
2024-01-16,42467.5,43560.0,42000.0,43108.5,43108.5,289170000
2024-01-17,43108.5,43171.5,42140.5,42726.5,42726.5,272844100
2024-01-18,42726.5,42872.0,40594.0,41256.0,41256.0,415825600
2024-01-19,41256.0,42140.5,40232.0,41606.0,41606.0,446859700
2024-01-20,41606.0,41844.5,41412.0,41651.0,41651.0,112601000
2024-01-21,41651.0,41846.0,41476.5,41550.0,41550.0,112461900
2024-01-22,41550.0,41655.0,39327.5,39502.5,39502.5,647393700
2024-01-23,39502.5,40123.0,38498.0,39864.0,39864.0,461603700
2024-01-24,39864.0,40529.5,39452.5,40056.0,40056.0,299006400
2024-01-25,40056.0,40279.0,39509.5,39919.0,39919.0,189820500
2024-01-26,39919.0,42224.5,39794.0,41795.0,41795.0,339110600
2024-01-27,41795.0,42186.0,41360.0,42102.5,42102.5,114733500
2024-01-28,42102.5,42822.5,41600.5,42015.0,42015.0,191502600
2024-01-29,42015.0,43300.0,41782.0,43296.0,43296.0,228747300
2024-01-30,43296.0,43850.5,42637.5,42916.5,42916.5,367396700
2024-01-31,42916.5,43752.0,42239.0,42527.0,42527.0,382790900
2024-02-01,42527.0,43260.0,41815.5,43050.0,43050.0,303554100
2024-02-02,43050.0,43443.0,42511.0,43156.5,43156.5,238671400
2024-02-03,43156.5,43339.5,42848.5,42975.5,42975.5,100060000
2024-02-04,42975.5,43083.5,42113.0,42540.5,42540.5,188915900
2024-02-05,42540.5,43550.0,42217.5,42652.0,42652.0,280650700
2024-02-06,42652.0,43370.5,42506.5,43076.0,43076.0,204476400
2024-02-07,43076.0,44386.0,42746.0,44325.0,44325.0,311060700
2024-02-08,44325.0,45632.0,44325.5,45292.5,45292.5,341653400
2024-02-09,45292.5,48220.0,45241.0,47154.0,47154.0,582195600
2024-02-10,47154.0,48197.5,46869.0,47765.0,47765.0,163160500
2024-02-11,47765.0,48620.0,47575.0,48329.5,48329.5,243914400
2024-02-12,48329.5,50433.0,47716.5,49973.0,49973.0,552043800
2024-02-13,49973.0,50443.5,48320.0,49740.0,49740.0,478164600
2024-02-14,49740.0,52118.5,49261.0,51856.0,51856.0,543109000
2024-02-15,51856.0,52885.0,51367.5,51971.0,51971.0,475656700
2024-02-16,51971.0,52660.0,51623.5,52167.0,52167.0,359856700
2024-02-17,52167.0,52217.5,50650.0,51695.5,51695.5,381300800
2024-02-18,51695.5,52478.0,51215.0,52175.0,52175.0,226943300
2024-02-19,52175.0,52540.0,51688.0,51798.0,51798.0,229903800
2024-02-20,51798.0,53080.5,50770.0,52312.0,52312.0,532542600
2024-02-21,52312.0,52417.5,50595.0,51898.0,51898.0,437424100
2024-02-22,51898.0,52087.5,50925.0,51289.0,51289.0,300171600
2024-02-23,51289.0,51531.5,50511.5,50729.0,50729.0,250049100
2024-02-24,50729.0,51734.0,50590.0,51596.5,51596.5,156508500
2024-02-25,51596.5,52066.0,51294.0,51746.5,51746.5,198832800
2024-02-26,51746.5,55016.5,50908.0,54557.5,54557.5,496554200
2024-02-27,54557.5,57646.0,54517.5,57112.0,57112.0,688728600
2024-02-28,57112.0,64391.0,56753.5,62532.0,62532.0,1243520600
2024-02-29,62532.0,63820.5,60408.0,61207.5,61207.5,781685300
2024-03-01,61207.5,63200.0,60837.0,62430.5,62430.5,426717900
2024-03-02,62430.5,62510.5,61678.0,62075.5,62075.5,214409800
2024-03-03,62075.5,63346.5,61388.0,63197.0,63197.0,295806900
2024-03-04,63197.0,68661.5,62370.5,68331.0,68331.0,954449500
2024-03-05,68331.0,69409.5,59283.0,63774.5,63774.5,1804724000
2024-03-06,63774.5,67739.5,62801.5,66093.0,66093.0,791738900
2024-03-07,66093.0,68132.0,65596.0,66961.5,66961.5,441552700
2024-03-08,66961.5,70449.5,66145.0,68260.0,68260.0,727958500
2024-03-09,68260.0,68701.5,68007.0,68476.5,68476.5,124894700
2024-03-10,68476.5,70117.0,68217.0,69028.0,69028.0,454685800
2024-03-11,69028.0,72850.0,67020.0,72181.0,72181.0,841325900
2024-03-12,72181.0,73232.5,68656.0,71500.0,71500.0,882409900
2024-03-13,71500.0,73757.0,71360.0,73134.5,73134.5,407477600
2024-03-14,73134.5,73927.5,68522.0,71324.5,71324.5,883999800
2024-03-15,71324.5,72428.0,65536.0,69506.5,69506.5,1081435400
2024-03-16,69506.5,70059.5,64720.5,65273.5,65273.5,465956300
2024-03-17,65273.5,68919.5,64560.0,68362.5,68362.5,521087300
2024-03-18,68362.5,68978.5,66512.5,67621.0,67621.0,569116900
2024-03-19,67621.0,68139.5,61527.0,61929.5,61929.5,1153537600
2024-03-20,61929.5,68147.0,60803.0,67898.5,67898.5,830366400
2024-03-21,67898.5,68280.5,64547.0,65502.5,65502.5,463036000
2024-03-22,65502.5,66683.5,62300.0,63859.5,63859.5,576424000
2024-03-23,63859.5,66082.5,63031.5,64021.0,64021.0,331895600
2024-03-24,64021.0,67718.5,63828.0,67263.0,67263.0,391605000
2024-03-25,67263.0,71249.5,66423.0,69952.0,69952.0,601000400
2024-03-26,69952.0,71669.5,69350.0,70037.0,70037.0,434121000
2024-03-27,70037.0,71874.0,68420.5,69475.0,69475.0,590612800
2024-03-28,69475.0,69632.0,69384.0,69632.0,69632.0,2287700
